<?xml version="1.0" encoding="UTF-8" standalone="no" ?>
<el:level xmlns:xsi="http://www.w3.org/2001/XMLSchema-instance" xsi:schemaLocation="http://enigma-game.org/schema/level/1 level.xsd" xmlns:el="http://enigma-game.org/schema/level/1">
  <el:protected>
    <el:info el:type="level">
      <el:identity el:title="Map It Out" el:subtitle="" el:id="duffy92"/>
      <el:version el:score="1" el:release="1" el:revision="2" el:status="released"/>
      <el:author  el:name="Jacob Scott" el:email="" el:homepage=""/>
      <el:copyright>Copyright © 2004 Jacob Scott</el:copyright>
      <el:license el:type="GPL v2.0 or above" el:open="true"/>
      <el:compatibility el:enigma="0.92">
      </el:compatibility>
      <el:modes el:easy="false" el:single="true" el:network="false"/>
      <el:comments>
        <el:code>Lua 5.1 and XML converted by Leveladministrators</el:code>
      </el:comments>
      <el:score el:easy="-" el:difficult="-"/>
    </el:info>
    <el:luamain><![CDATA[

-- Streamlined code and added a sixth room to avoid problems
-- with the wormhole recursion detection -- Andreas  Jan'06

rooms_wide=6
rooms_high=1

levelw=1+(19*rooms_wide)
levelh=1+(12*rooms_high)

create_world( levelw, levelh)
enigma.ConserveLevel=FALSE

fill_floor("fl-normal", 0,0,levelw,levelh)

function set_wormhole(x,y,tx,ty)
    enigma.KillItem(x, y)
    set_item("it-wormhole", x, y, {strength=0,targetx=tx,targety=ty})
end

function renderLine( line, pattern)
    for i=1, strlen(pattern) do
        local c = strsub( pattern, i, i)
        if c =="#" then
            set_stone("st-rock6", i-1, line)
        elseif c == "o" then
            set_stone("st-oxyd", i-1, line,{color="0"})
        elseif c == "*" then
            set_stone( "st-brownie", i-1, line)
        elseif c == "!" then
            abyss(i-1,line)
        elseif c == "~" then
            set_floor("fl-water",i-1,line)
        elseif c=="z" then
            set_actor("ac-blackball",i-.5,line+.5,{name="b1",player=0})
            set_item("it-trigger",i-1,line,{invisible=1,action="callback",target="maintrigger"})
        elseif c=="Z" then
            set_item("it-trigger",i-1,line,{invisible=1,action="callback",target="maintrigger"})
        elseif c=="c" then
            set_item("it-trigger",i-1,line,{invisible=1,action="callback",target="calculate_position"})
        elseif c=="y" then
            set_actor("ac-whiteball", i-1,line+.5, {player=1})
        elseif c == "g" then
            draw_stones("st-grate1",{i-1,line}, {1,1}, 1)
        elseif c=="+" then
            set_stone( "st-wood", i-1, line)
        elseif c=="=" then
            set_floor("fl-space",i-1,line)
        elseif c=="A" then
            set_wormhole(i-1, line, 105.5, 6.5)
        elseif c=="B" then
            set_wormhole(i-1, line, 10.5, 6.5)
        elseif c=="a" then
            set_item("it-trigger",i-1,line,{invisible=1,action="callback",target="set_direc",direc=0})
        elseif c=="u" then
            set_item("it-trigger",i-1,line,{invisible=1,action="callback",target="set_direc",direc=1})
        elseif c=="r" then
            set_item("it-trigger",i-1,line,{invisible=1,action="callback",target="set_direc",direc=2})
        elseif c=="d" then
            set_item("it-trigger",i-1,line,{invisible=1,action="callback",target="set_direc",direc=3})
        elseif c=="l" then
            set_item("it-trigger",i-1,line,{invisible=1,action="callback",target="set_direc",direc=4})
        elseif c==" " then
            set_item("it-trigger",i-1,line,{invisible=1})
        end
    end    
end

renderLine(00,"!!!!!!!!!!!!!!!!!!!!!!!!!!!!!!!!!!!!!!!!!!!!!!!!!!!!!!!!!!!!!!!!!!!!!!!!!!!!!!!!!!!!!!!!!!!!!!!!!!!!!!!!!!!!!!!!!!!")
renderLine(01,"!!!!!!!!!###!!!!!!!!!!!!!!!!#o#!!!!!!!!!!!!!!!!###!!!!!!!!!!!!!!!!###!!!!!!!!!!!!!!!!#o#!!!!!!!!!!!!!!!!###!!!!!!!!")
renderLine(02,"!!!!!!!!!#A#!!!!!!!!!!!!!!!!# #!!!!!!!!!!!!!!!!#A#!!!!!!!!!!!!!!!!#A#!!!!!!!!!!!!!!!!# #!!!!!!!!!!!!!!!!#B#!!!!!!!!")
renderLine(03,"!!!!!!!!!#u#!!!!!!!!!!!!!!!!#a#!!!!!!!!!!!!!!!!#u#!!!!!!!!!!!!!!!!#u#!!!!!!!!!!!!!!!!#a#!!!!!!!!!!!!!!!!#u#!!!!!!!!")
renderLine(04,"!!!!!!!!!# #!!!!!!!!!!!!!!!!# #!!!!!!!!!!!!!!!!# #!!!!!!!!!!!!!!!!# #!!!!!!!!!!!!!!!!# #!!!!!!!!!!!!!!!!# #!!!!!!!!")
renderLine(05,"!!!!!#####a#####!!!!!!!!#####a#####!!!!!!!!#####a#####!!!!!!!!#####a#####!!!!!!!!#####a#####!!!!!!!!#####a#####!!!!")
renderLine(06,"!!!!!#Al aza rA#!!!!!!!!# a aca a #!!!!!!!!# a aca a #!!!!!!!!# a aca a #!!!!!!!!# a aca a #!!!!!!!!#Bl aZa rB#!!!!")
renderLine(07,"!!!!!#####a#####!!!!!!!!#####a#####!!!!!!!!#####a#####!!!!!!!!#####a#####!!!!!!!!#####a#####!!!!!!!!#####a#####!!!!")
renderLine(08,"!!!!!!!!!# #!!!!!!!!!!!!!!!!# #!!!!!!!!!!!!!!!!# #!!!!!!!!!!!!!!!!# #!!!!!!!!!!!!!!!!# #!!!!!!!!!!!!!!!!# #!!!!!!!!")
renderLine(09,"!!!!!!!!!#d#!!!!!!!!!!!!!!!!#d#!!!!!!!!!!!!!!!!#a#!!!!!!!!!!!!!!!!#a#!!!!!!!!!!!!!!!!#d#!!!!!!!!!!!!!!!!#d#!!!!!!!!")
renderLine(10,"!!!!!!!!!#A#!!!!!!!!!!!!!!!!#A#!!!!!!!!!!!!!!!!# #!!!!!!!!!!!!!!!!# #!!!!!!!!!!!!!!!!#A#!!!!!!!!!!!!!!!!#B#!!!!!!!!")
renderLine(11,"!!!!!!!!!###!!!!!!!!!!!!!!!!###!!!!!!!!!!!!!!!!#o#!!!!!!!!!!!!!!!!#o#!!!!!!!!!!!!!!!!###!!!!!!!!!!!!!!!!###!!!!!!!!")
renderLine(12,"!!!!!!!!!!!!!!!!!!!!!!!!!!!!!!!!!!!!!!!!!!!!!!!!!!!!!!!!!!!!!!!!!!!!!!!!!!!!!!!!!!!!!!!!!!!!!!!!!!!!!!!!!!!!!!!!!!!")

 line1= {1,1,1,1,1,1,1,1,1,1,1,1,1,1,1,1,1,1,1,1,1,1,1,1,1,1,1,1,1,1,1,1,1,1,1,1,1,1,1}
 line2= {1,O,1,0,0,0,0,0,0,0,0,0,1,0,0,1,0,0,0,1,0,0,0,0,1,0,1,1,0,0,0,1,0,1,1,0,1,O,1}
 line3= {1,0,0,0,1,1,1,1,1,1,1,0,1,1,0,1,0,1,0,1,0,1,1,0,1,0,0,0,0,1,0,1,0,1,0,0,1,0,1}
 line4= {1,1,1,1,1,0,0,0,0,0,1,0,0,1,0,1,0,1,0,1,0,1,1,1,1,0,1,1,0,1,1,1,0,1,1,0,0,0,1}
 line5= {1,0,1,0,1,0,1,1,1,0,1,0,1,1,0,1,0,1,0,0,0,1,0,0,1,0,0,1,0,0,0,0,0,1,0,0,1,0,1}
 line6= {1,0,1,0,1,0,1,0,1,0,1,0,1,0,0,1,0,1,1,1,0,1,1,0,1,1,0,1,0,1,1,1,1,1,0,1,1,0,1}
 line7= {1,0,1,0,0,0,1,0,1,0,0,0,1,1,0,0,0,0,1,0,0,0,0,0,0,0,0,1,0,1,0,1,0,1,0,0,1,1,1}
 line8= {1,0,1,0,1,1,1,0,1,0,1,0,0,1,1,1,0,1,1,1,1,1,1,1,0,1,1,1,0,0,0,1,0,1,1,0,0,0,1}
 line9= {1,0,1,0,0,0,0,0,1,1,1,0,1,1,0,0,0,1,0,1,0,0,0,1,0,1,0,1,0,1,0,0,0,1,1,1,1,0,1}
line10= {1,0,1,0,1,0,1,1,1,0,1,1,1,1,1,1,0,0,0,1,0,1,1,1,1,1,0,0,0,1,1,1,0,0,1,0,0,0,1}
line11= {1,0,1,1,1,0,1,0,0,0,0,0,1,0,0,1,0,1,0,0,0,1,0,0,0,0,0,1,1,1,0,1,1,1,1,0,1,0,1}
line12= {1,0,1,0,0,0,1,0,1,0,1,0,1,0,1,1,0,1,0,1,1,1,0,1,1,1,0,0,0,0,0,1,0,0,0,0,1,0,1}
line13= {1,0,1,0,1,1,1,0,1,1,1,0,1,0,0,0,0,1,0,1,0,0,0,0,1,0,0,1,1,1,1,1,1,1,1,0,1,0,1}
line14= {1,0,1,0,1,0,0,0,0,0,1,0,1,0,1,1,1,1,1,1,0,1,1,1,1,0,1,1,0,0,0,0,1,0,1,0,1,0,1}
line15= {1,0,0,0,1,0,1,0,1,1,1,1,1,0,1,0,1,0,1,0,0,0,1,0,0,0,0,0,0,1,1,0,1,0,1,0,1,0,1}
line16= {1,0,1,1,1,1,1,0,1,0,0,0,0,Z,0,0,0,0,1,1,1,1,1,0,1,1,0,1,0,1,1,0,0,0,1,0,1,0,1}
line17= {1,0,1,0,1,0,0,0,1,0,1,0,1,0,1,0,1,0,1,1,0,1,1,1,1,1,1,1,0,0,1,1,1,0,1,0,1,0,1}
line18= {1,0,1,0,0,0,1,0,1,0,1,0,1,1,1,1,1,0,1,1,0,1,1,0,1,1,0,0,0,1,1,0,1,0,0,0,1,0,1}
line19= {1,0,1,1,1,0,1,0,1,1,1,0,1,0,0,0,1,0,0,0,0,0,1,0,0,0,0,1,0,0,0,0,1,1,1,0,1,0,1}
line20= {1,0,0,0,1,0,1,0,0,0,0,0,1,1,1,0,1,1,1,0,1,1,1,0,1,1,0,1,1,1,1,0,0,0,1,0,1,0,1}
line21= {1,0,1,1,1,0,1,1,1,1,1,0,1,0,1,0,0,0,0,0,1,0,0,0,0,1,0,0,1,0,0,0,1,0,1,0,1,1,1}
line22= {1,0,0,0,0,0,1,0,0,0,1,1,1,0,1,1,1,1,1,0,1,1,0,1,1,1,1,1,1,0,1,0,1,1,1,0,0,1,1}
line23= {1,1,1,1,1,1,1,0,1,1,1,1,1,0,1,1,0,0,1,0,0,1,0,1,0,0,0,0,1,1,1,0,0,0,1,0,1,1,1}
line24= {1,0,1,0,1,0,1,0,1,0,0,0,0,0,0,0,0,1,1,1,1,1,0,1,0,1,1,0,0,0,0,0,1,1,1,0,1,0,1}
line25= {1,0,0,0,1,0,0,0,1,0,1,0,1,0,1,0,1,1,0,1,0,0,0,1,0,1,0,0,1,1,1,0,0,1,0,0,0,0,1}
line26= {1,0,1,1,1,0,1,0,0,0,1,1,1,0,1,1,1,1,0,1,0,1,1,1,0,1,1,0,1,0,0,0,1,1,1,0,1,1,1}
line27= {1,0,1,0,1,1,1,1,1,0,1,1,0,0,1,0,0,0,0,1,0,0,0,1,0,0,1,0,1,1,1,1,1,0,0,0,1,0,1}
line28= {1,0,1,0,0,0,0,0,1,0,0,1,1,0,1,0,1,0,1,1,1,1,1,1,0,1,1,0,0,0,1,0,1,1,1,0,1,0,1}
line29= {1,0,1,1,1,0,1,0,1,1,0,1,0,0,1,1,1,0,0,0,0,1,0,0,0,0,1,1,1,1,1,0,0,0,1,0,1,0,1}
line30= {1,0,0,0,0,0,1,0,1,0,0,1,1,0,0,0,0,0,1,1,0,1,0,1,1,0,1,0,0,0,0,0,1,0,0,0,0,0,1}
line31= {1,0,1,0,1,0,1,0,1,1,0,0,1,0,1,1,1,0,1,0,0,1,1,1,1,0,1,1,0,1,1,0,1,1,1,1,1,1,1}
line32= {1,0,1,1,1,0,1,0,0,0,0,1,1,0,1,0,0,0,1,1,0,0,1,0,0,0,1,0,0,0,1,0,1,0,0,0,0,0,1}
line33= {1,O,1,1,1,1,1,0,1,1,0,1,0,0,1,0,1,0,0,1,1,0,0,0,1,0,1,1,0,1,1,0,0,0,1,0,1,O,1}
line34= {1,1,1,1,1,1,1,1,1,1,1,1,1,1,1,1,1,1,1,1,1,1,1,1,1,1,1,1,1,1,1,1,1,1,1,1,1,1,1}

tab=  {1,1,1,1,1,1,1,1,1,1,1,1,1,1,1,1,1,1,1,1,1,1,1,1,1,1,1,1,1,1,1,1,1,1,1,1,1,1,1,
1,O,1,0,0,0,0,0,0,0,0,0,1,0,0,1,0,0,0,1,0,0,0,0,1,0,1,1,0,0,0,1,0,1,1,0,1,O,1,
1,0,0,0,1,1,1,1,1,1,1,0,1,1,0,1,0,1,0,1,0,1,1,0,1,0,0,0,0,1,0,1,0,1,0,0,1,0,1,
1,1,1,1,1,0,0,0,0,0,1,0,0,1,0,1,0,1,0,1,0,1,1,1,1,0,1,1,0,1,1,1,0,1,1,0,0,0,1,
1,0,1,0,1,0,1,1,1,0,1,0,1,1,0,1,0,1,0,0,0,1,0,0,1,0,0,1,0,0,0,0,0,1,0,0,1,0,1,
1,0,1,0,1,0,1,0,1,0,1,0,1,0,0,1,0,1,1,1,0,1,1,0,1,1,0,1,0,1,1,1,1,1,0,1,1,0,1,
1,0,1,0,0,0,1,0,1,0,0,0,1,1,0,0,0,0,1,0,0,0,0,0,0,0,0,1,0,1,0,1,0,1,0,0,1,1,1,
1,0,1,0,1,1,1,0,1,0,1,0,0,1,1,1,0,1,1,1,1,1,1,1,0,1,1,1,0,0,0,1,0,1,1,0,0,0,1,
1,0,1,0,0,0,0,0,1,1,1,0,1,1,0,0,0,1,0,1,0,0,0,1,0,1,0,1,0,1,0,0,0,1,1,1,1,0,1,
1,0,1,0,1,0,1,1,1,0,1,1,1,1,1,1,0,0,0,1,0,1,1,1,1,1,0,0,0,1,1,1,0,0,1,0,0,0,1,
1,0,1,1,1,0,1,0,0,0,0,0,1,0,0,1,0,1,0,0,0,1,0,0,0,0,0,1,1,1,0,1,1,1,1,0,1,0,1,
1,0,1,0,0,0,1,0,1,0,1,0,1,0,1,1,0,1,0,1,1,1,0,1,1,1,0,0,0,0,0,1,0,0,0,0,1,0,1,
1,0,1,0,1,1,1,0,1,1,1,0,1,0,0,0,0,1,0,1,0,0,0,0,1,0,0,1,1,1,1,1,1,1,1,0,1,0,1,
1,0,1,0,1,0,0,0,0,0,1,0,1,0,1,1,1,1,1,1,0,1,1,1,1,0,1,1,0,0,0,0,1,0,1,0,1,0,1,
1,0,0,0,1,0,1,0,1,1,1,1,1,0,1,0,1,0,1,0,0,0,1,0,0,0,0,0,0,1,1,0,1,0,1,0,1,0,1,
1,0,1,1,1,1,1,0,1,0,0,0,0,0,0,0,0,0,1,1,1,1,1,0,1,1,0,1,0,1,1,0,0,0,1,0,1,0,1,
1,0,1,0,1,0,0,0,1,0,1,0,1,0,1,0,1,0,1,1,0,1,1,1,1,1,1,1,0,0,1,1,1,0,1,0,1,0,1,
1,0,1,0,0,0,1,0,1,0,1,0,1,1,1,1,1,0,1,1,0,1,1,0,1,1,0,0,0,1,1,0,1,0,0,0,1,0,1,
1,0,1,1,1,0,1,0,1,1,1,0,1,0,0,0,1,0,0,0,0,0,1,0,0,0,0,1,0,0,0,0,1,1,1,0,1,0,1,
1,0,0,0,1,0,1,0,0,0,0,0,1,1,1,0,1,1,1,0,1,1,1,0,1,1,0,1,1,1,1,0,0,0,1,0,1,0,1,
1,0,1,1,1,0,1,1,1,1,1,0,1,0,1,0,0,0,0,0,1,0,0,0,0,1,0,0,1,0,0,0,1,0,1,0,1,1,1,
1,0,0,0,0,0,1,0,0,0,1,1,1,0,1,1,1,1,1,0,1,1,0,1,1,1,1,1,1,0,1,0,1,1,1,0,0,1,1,
1,1,1,1,1,1,1,0,1,1,1,1,1,0,1,1,0,0,1,0,0,1,0,1,0,0,0,0,1,1,1,0,0,0,1,0,1,1,1,
1,0,1,0,1,0,1,0,1,0,0,0,0,0,0,0,0,1,1,1,1,1,0,1,0,1,1,0,0,0,0,0,1,1,1,0,1,0,1,
1,0,0,0,1,0,0,0,1,0,1,0,1,0,1,0,1,1,0,1,0,0,0,1,0,1,0,0,1,1,1,0,0,1,0,0,0,0,1,
1,0,1,1,1,0,1,0,0,0,1,1,1,0,1,1,1,1,0,1,0,1,1,1,0,1,1,0,1,0,0,0,1,1,1,0,1,1,1,
1,0,1,0,1,1,1,1,1,0,1,1,0,0,1,0,0,0,0,1,0,0,0,1,0,0,1,0,1,1,1,1,1,0,0,0,1,0,1,
1,0,1,0,0,0,0,0,1,0,0,1,1,0,1,0,1,0,1,1,1,1,1,1,0,1,1,0,0,0,1,0,1,1,1,0,1,0,1,
1,0,1,1,1,0,1,0,1,1,0,1,0,0,1,1,1,0,0,0,0,1,0,0,0,0,1,1,1,1,1,0,0,0,1,0,1,0,1,
1,0,0,0,0,0,1,0,1,0,0,1,1,0,0,0,0,0,1,1,0,1,0,1,1,0,1,0,0,0,0,0,1,0,0,0,0,0,1,
1,0,1,0,1,0,1,0,1,1,0,0,1,0,1,1,1,0,1,0,0,1,1,1,1,0,1,1,0,1,1,0,1,1,1,1,1,1,1,
1,0,1,1,1,0,1,0,0,0,0,1,1,0,1,0,0,0,1,1,0,0,1,0,0,0,1,0,0,0,1,0,1,0,0,0,0,0,1,
1,O,1,1,1,1,1,0,1,1,0,1,0,0,1,0,1,0,0,1,1,0,0,0,1,0,1,1,0,1,1,0,0,0,1,0,1,O,1,
1,1,1,1,1,1,1,1,1,1,1,1,1,1,1,1,1,1,1,1,1,1,1,1,1,1,1,1,1,1,1,1,1,1,1,1,1,1,1}

tab2=  {1,1,1,1,1,1,1,1,1,1,1,1,1,1,1,1,1,1,1,1,1,1,1,1,1,1,1,1,1,1,1,1,1,1,1,1,1,1,1,1,O,1,0,0,0,0,0,0,0,0,0,1,0,0,1,0,0,0,1,0,0,0,0,1,0,1,1,0,0,0,1,0,1,1,0,1,O,1,1,0,0,0,1,1,1,1,1,1,1,0,1,1,0,1,0,1,0,1,0,1,1,0,1,0,0,0,0,1,0,1,0,1,0,0,1,0,1,1,1,1,1,1,0,0,0,0,0,1,0,0,1,0,1,0,1,0,1,0,1,1,1,1,0,1,1,0,1,1,1,0,1,1,0,0,0,1,
1,0,1,0,1,0,1,1,1,0,1,0,1,1,0,1,0,1,0,0,0,1,0,0,1,0,0,1,0,0,0,0,0,1,0,0,1,0,1,1,0,1,0,1,0,1,0,1,0,1,0,1,0,0,1,0,1,1,1,0,1,1,0,1,1,0,1,0,1,1,1,1,1,0,1,1,0,1,1,0,1,0,0,0,1,0,1,0,0,0,1,1,0,0,0,0,1,0,0,0,0,0,0,0,0,1,0,1,0,1,0,1,0,0,1,1,1,1,0,1,0,1,1,1,0,1,0,1,0,0,1,1,1,0,1,1,1,1,1,1,1,0,1,1,1,0,0,0,1,0,1,1,0,0,0,1,
1,0,1,0,0,0,0,0,1,1,1,0,1,1,0,0,0,1,0,1,0,0,0,1,0,1,0,1,0,1,0,0,0,1,1,1,1,0,1,1,0,1,0,1,0,1,1,1,0,1,1,1,1,1,1,0,0,0,1,0,1,1,1,1,1,0,0,0,1,1,1,0,0,1,0,0,0,1,1,0,1,1,1,0,1,0,0,0,0,0,1,0,0,1,0,1,0,0,0,1,0,0,0,0,0,1,1,1,0,1,1,1,1,0,1,0,1,1,0,1,0,0,0,1,0,1,0,1,0,1,0,1,1,0,1,0,1,1,1,0,1,1,1,0,0,0,0,0,1,0,0,0,0,1,0,1,1,0,1,0,1,1,1,0,1,1,1,0,1,0,0,0,0,1,0,1,0,0,0,0,1,0,0,1,1,1,1,1,1,1,1,0,1,0,1,1,0,1,0,1,0,0,0,0,0,1,0,1,0,1,1,1,1,1,1,0,1,1,1,1,0,1,1,0,0,0,0,1,0,1,0,1,0,1,1,0,0,0,1,0,1,0,1,1,1,1,1,0,1,0,1,0,1,0,0,0,1,0,0,0,0,0,0,1,1,0,1,0,1,0,1,0,1,1,0,1,1,1,1,1,0,1,0,0,0,0,0,0,0,0,0,1,1,1,1,1,0,1,1,0,1,0,1,1,0,0,0,1,0,1,0,1,1,0,1,0,1,0,0,0,1,0,1,0,1,0,1,0,1,0,1,1,0,1,1,1,1,1,1,1,0,0,1,1,1,0,1,0,1,0,1,1,0,1,0,0,0,1,0,1,0,1,0,1,1,1,1,1,0,1,1,0,1,1,0,1,1,0,0,0,1,1,0,1,0,0,0,1,0,1,1,0,1,1,1,0,1,0,1,1,1,0,1,0,0,0,1,0,0,0,0,0,1,0,0,0,0,1,0,0,0,0,1,1,1,0,1,0,1,1,0,0,0,1,0,1,0,0,0,0,0,1,1,1,0,1,1,1,0,1,1,1,0,1,1,0,1,1,1,1,0,0,0,1,0,1,0,1,1,0,1,1,1,0,1,1,1,1,1,0,1,0,1,0,0,0,0,0,1,0,0,0,0,1,0,0,1,0,0,0,1,0,1,0,1,1,1,1,0,0,0,0,0,1,0,0,0,1,1,1,0,1,1,1,1,1,0,1,1,0,1,1,1,1,1,1,0,1,0,1,1,1,0,0,1,1,1,1,1,1,1,1,1,0,1,1,1,1,1,0,1,1,0,0,1,0,0,1,0,1,0,0,0,0,1,1,1,0,0,0,1,0,1,1,11,0,1,0,1,0,1,0,1,0,0,0,0,0,0,0,0,1,1,1,1,1,0,1,0,1,1,0,0,0,0,0,1,1,1,0,1,0,1,1,0,0,0,1,0,0,0,1,0,1,0,1,0,1,0,1,1,0,1,0,0,0,1,0,1,0,0,1,1,1,0,0,1,0,0,0,0,1,1,0,1,1,1,0,1,0,0,0,1,1,1,0,1,1,1,1,0,1,0,1,1,1,0,1,1,0,1,0,0,0,1,1,1,0,1,1,1,
1,0,1,0,1,1,1,1,1,0,1,1,0,0,1,0,0,0,0,1,0,0,0,1,0,0,1,0,1,1,1,1,1,0,0,0,1,0,1,1,0,1,0,0,0,0,0,1,0,0,1,1,0,1,0,1,0,1,1,1,1,1,1,0,1,1,0,0,0,1,0,1,1,1,0,1,0,1,1,0,1,1,1,0,1,0,1,1,0,1,0,0,1,1,1,0,0,0,0,1,0,0,0,0,1,1,1,1,1,0,0,0,1,0,1,0,1,1,0,0,0,0,0,1,0,1,0,0,1,1,0,0,0,0,0,1,1,0,1,0,1,1,0,1,0,0,0,0,0,1,0,0,0,0,0,1,
1,0,1,0,1,0,1,0,1,1,0,0,1,0,1,1,1,0,1,0,0,1,1,1,1,0,1,1,0,1,1,0,1,1,1,1,1,1,1,1,0,1,1,1,0,1,0,0,0,0,1,1,0,1,0,0,0,1,1,0,0,1,0,0,0,1,0,0,0,1,0,1,0,0,0,0,0,1,1,O,1,1,1,1,1,0,1,1,0,1,0,0,1,0,1,0,0,1,1,0,0,0,1,0,1,1,0,1,1,0,0,0,1,0,1,O,1,1,1,1,1,1,1,1,1,1,1,1,1,1,1,1,1,1,1,1,1,1,1,1,1,1,1,1,1,1,1,1,1,1,1,1,1,1,1,1}

direc=0

x=14
y=16

width=39

function getval(j,i)
    return tab[width * (i - 1) + j]
end

function set_direc(onoff, sender)
    direc = enigma.GetAttrib(sender, "direc")
end

function calculate_position()
    if direc==1 then
        y=y-1
    elseif direc==2 then
        x=x+1
    elseif direc==3 then
        y=y+1
    elseif direc==4 then
        x=x-1
    end
    direc=0
end

function maintrigger(onoff, sender)
    if direc ~= 0 then
        local dx, dy = enigma.GetPos(sender)
        dx = dx - 10
        calculate_position()
        enigma.KillItem(10 + dx,2)
        enigma.KillItem(14 + dx,6)
        enigma.KillItem(10 + dx,10)
        enigma.KillItem( 6 + dx,6)
        if getval(x,y-1)==0 then  set_wormhole(10 + dx,  2, 105.5 - dx, 6.5)  end
        if getval(x+1,y)==0 then  set_wormhole(14 + dx,  6, 105.5 - dx, 6.5)  end
        if getval(x,y+1)==0 then  set_wormhole(10 + dx, 10, 105.5 - dx, 6.5)  end
        if getval(x-1,y)==0 then  set_wormhole( 6 + dx,  6, 105.5 - dx, 6.5)  end
        if x== 2 and y== 3 then  set_wormhole(10 + dx,  2, 29.5, 6.5)  end
        if x==38 and y==32 then  set_wormhole(10 + dx, 10, 48.5, 6.5)  end
        if x== 2 and y==32 then  set_wormhole(10 + dx, 10, 67.5, 6.5)  end
        if x==38 and y== 3 then  set_wormhole(10 + dx,  2, 86.5, 6.5)  end
    end
end

oxyd_shuffle()
    ]]></el:luamain>
    <el:i18n>
      <el:string el:key="title">
        <el:english el:translate="false"/>
      </el:string>
    </el:i18n>
  </el:protected>
</el:level>
