<?xml version="1.0" encoding="UTF-8" standalone="no" ?>
<el:level xmlns:xsi="http://www.w3.org/2001/XMLSchema-instance" xsi:schemaLocation="http://enigma-game.org/schema/level/1 level.xsd" xmlns:el="http://enigma-game.org/schema/level/1">
  <el:protected>
    <el:info el:type="level">
      <el:identity el:title="Spidering Around Death" el:subtitle="" el:id="martin89"/>
      <el:version el:score="1" el:release="1" el:revision="0" el:status="released"/>
      <el:author  el:name="Martin Hawlisch" el:email="" el:homepage=""/>
      <el:copyright>Copyright © 2003 Martin Hawlisch</el:copyright>
      <el:license el:type="GPL version 2" el:open="true"/>
      <el:compatibility el:enigma="0.92">
      </el:compatibility>
      <el:modes el:easy="false" el:single="true" el:network="false"/>
      <el:comments>
        <el:code>Lua 5.1 and XML converted by Leveladministrators</el:code>
      </el:comments>
      <el:score el:easy="-" el:difficult="-"/>
    </el:info>
    <el:luamain><![CDATA[
levelw = 20
levelh = 13

create_world(levelw, levelh)
draw_border("st-rubberband")
fill_floor("fl-hay")

draw_stones("st-death", {5,5}, {4,0},4)
draw_stones("st-death", {2,7}, {4,0},4)

oxyd_default_flavor = "d"

oxyd(2,6)
oxyd(3,6)
oxyd(4,6)
oxyd(5,6)
oxyd(6,6)
oxyd(7,6)
oxyd(8,6)
oxyd(9,6)
oxyd(10,6)
oxyd(11,6)
oxyd(12,6)
oxyd(13,6)
oxyd(14,6)
oxyd(15,6)
oxyd(16,6)
oxyd(17,6)

oxyd_shuffle()

st = set_stone("st-rubberband", 10,12)
ac = set_actor("ac-blackball", 10,11)

AddRubberBand(ac, st, 16,1)
    ]]></el:luamain>
    <el:i18n>
      <el:string el:key="title">
        <el:english el:translate="false"/>
      </el:string>
    </el:i18n>
  </el:protected>
</el:level>
