<?xml version="1.0" encoding="UTF-8" standalone="no" ?>
<el:level xmlns:xsi="http://www.w3.org/2001/XMLSchema-instance" xsi:schemaLocation="http://enigma-game.org/schema/level/1 level.xsd" xmlns:el="http://enigma-game.org/schema/level/1">
  <el:protected>
    <el:info el:type="level">
      <el:identity el:title="Push the Hammer" el:subtitle="" el:id="martin79"/>
      <el:version el:score="1" el:release="1" el:revision="0" el:status="released"/>
      <el:author  el:name="Martin Hawlisch" el:email="" el:homepage=""/>
      <el:copyright>Copyright © 2003 Martin Hawlisch</el:copyright>
      <el:license el:type="GPL version 2" el:open="true"/>
      <el:compatibility el:enigma="0.92">
      </el:compatibility>
      <el:modes el:easy="false" el:single="true" el:network="false"/>
      <el:comments>
        <el:code>Lua 5.1 and XML converted by Leveladministrators</el:code>
      </el:comments>
      <el:score el:easy="-" el:difficult="-"/>
    </el:info>
    <el:luamain><![CDATA[
levelw = 20
levelh = 13

create_world( levelw, levelh)
draw_border("st-rock6")
draw_checkerboard_floor("fl-sahara", "fl-tigris", 0, 0, levelw, levelh)

set_item("it-hammer", 5,2)

draw_border("st-break_acwhite", 15,4,3,3)
oxyd(16,5)

draw_border("st-break_acwhite", 2,8,3,3)
oxyd( 3,9)

draw_border("st-break_acwhite", 1,2,3,3)
oxyd( 2,3)

draw_border("st-break_acwhite", 6,5,3,3)
oxyd( 7,6)

draw_border("st-break_acwhite", 9,3,3,3)
oxyd(10,4)

draw_border("st-break_acwhite", 13,9,3,3)
oxyd(14,10)

draw_border("st-break_acwhite", 8,8,3,3)
oxyd(9,9)

draw_border("st-break_acwhite", 16,1,3,3)
oxyd(17,2)

oxyd_shuffle()

set_actor("ac-blackball", 1.5, 1.5)
set_actor("ac-whiteball", 1.5, 10.5, {mouseforce=0})
    ]]></el:luamain>
    <el:i18n>
      <el:string el:key="title">
        <el:english el:translate="false"/>
      </el:string>
    </el:i18n>
  </el:protected>
</el:level>
