<?xml version="1.0" encoding="UTF-8" standalone="no" ?>
<el:level xmlns:xsi="http://www.w3.org/2001/XMLSchema-instance" xsi:schemaLocation="http://enigma-game.org/schema/level/1 level.xsd" xmlns:el="http://enigma-game.org/schema/level/1">
  <el:protected>
    <el:info el:type="level">
      <el:identity el:title="Back And Forth" el:subtitle="" el:id="martin26"/>
      <el:version el:score="1" el:release="1" el:revision="0" el:status="released"/>
      <el:author  el:name="Martin Hawlisch" el:email="" el:homepage=""/>
      <el:copyright>Copyright © 2003 Martin Hawlisch</el:copyright>
      <el:license el:type="GPL version 2" el:open="true"/>
      <el:compatibility el:enigma="0.92">
      </el:compatibility>
      <el:modes el:easy="false" el:single="true" el:network="false"/>
      <el:comments>
        <el:code>Lua 5.1 and XML converted by Leveladministrators</el:code>
      </el:comments>
      <el:score el:easy="-" el:difficult="-"/>
    </el:info>
    <el:luamain><![CDATA[
levelw = 20
levelh = 25

stone="st-greenbrown"

create_world( levelw, levelh)
draw_border( stone)

draw_checkerboard_floor("fl-bluegreen", "fl-bluegreenx", 0,0,levelw,levelh)

draw_stones( stone, {2,5},{1,0},17)
oxyd( 1, 7)
oxyd( 3, 7)
oxyd( 5, 7)
oxyd( 7, 7)
oxyd( 9, 7)
oxyd(11, 7)
oxyd(13, 7)
oxyd(15, 7)
oxyd_shuffle()

draw_stones( stone, { 2,7},{0,1},11)
draw_stones( stone, { 4,7},{0,1},11)
draw_stones( stone, { 6,7},{0,1},11)
draw_stones( stone, { 8,7},{0,1},11)
draw_stones( stone, {10,7},{0,1},11)
draw_stones( stone, {12,7},{0,1},11)
draw_stones( stone, {14,7},{0,1},11)
draw_stones( stone, {16,7},{0,1},11)

oneway( 2,6, enigma.EAST)
oneway( 4,6, enigma.EAST)
oneway( 6,6, enigma.EAST)
oneway( 8,6, enigma.EAST)
oneway(10,6, enigma.EAST)
oneway(12,6, enigma.EAST)
oneway(14,6, enigma.EAST)

oneway(16,6, EAST)

set_stone( "st-bolder-s", 1,17)
set_stone( "st-bolder-s", 3,17)
set_stone( "st-bolder-s", 5,17)
set_stone( "st-bolder-s", 7,17)
set_stone( "st-bolder-s", 9,17)
set_stone( "st-bolder-s",11,17)
set_stone( "st-bolder-s",13,17)
set_stone( "st-bolder-s",15,17)

draw_stones( "st-grate1", {1,18}, {1,0}, 18)

set_item( "it-magicwand", 1,18)

set_actor("ac-blackball", 3, 2)
    ]]></el:luamain>
    <el:i18n>
      <el:string el:key="title">
        <el:english el:translate="false"/>
      </el:string>
    </el:i18n>
  </el:protected>
</el:level>
