<?xml version="1.0" encoding="UTF-8" standalone="no" ?>
<el:level xmlns:xsi="http://www.w3.org/2001/XMLSchema-instance" xsi:schemaLocation="http://enigma-game.org/schema/level/1 level.xsd" xmlns:el="http://enigma-game.org/schema/level/1">
  <el:protected>
    <el:info el:type="level">
      <el:identity el:title=".-R-.-U-.-N-." el:subtitle="" el:id="martin103"/>
      <el:version el:score="1" el:release="1" el:revision="0" el:status="released"/>
      <el:author  el:name="Martin Hawlisch" el:email="" el:homepage=""/>
      <el:copyright>Copyright © 2003 Martin Hawlisch</el:copyright>
      <el:license el:type="GPL version 2" el:open="true"/>
      <el:compatibility el:enigma="0.92">
      </el:compatibility>
      <el:modes el:easy="false" el:single="true" el:network="false"/>
      <el:comments>
        <el:code>Lua 5.1 and XML converted by Leveladministrators</el:code>
      </el:comments>
      <el:score el:easy="-" el:difficult="-"/>
    </el:info>
    <el:luamain><![CDATA[
levelw = 96
levelh = 13
create_world(levelw, levelh)

fill_floor("fl-gradient1")

draw_border("st-actorimpulse")

oxyd( 10, 2)
oxyd( 20, 10)
oxyd( 30, 7)
oxyd( 40, 9)
oxyd( 50, 4)
oxyd( 60, 5)
oxyd( 70, 1)
oxyd( 80, 8)

oxyd_shuffle()

set_actor("ac-rotor", 79, 6.5, {controllers=1, range=70, force=50})
set_actor("ac-blackball", 94, 6.5)

display.SetFollowMode(display.FOLLOW_SCROLLING)
    ]]></el:luamain>
    <el:i18n>
      <el:string el:key="title">
        <el:english el:translate="false"/>
      </el:string>
    </el:i18n>
  </el:protected>
</el:level>
