<?xml version="1.0" encoding="UTF-8" standalone="no" ?>
<el:level xmlns:xsi="http://www.w3.org/2001/XMLSchema-instance" xsi:schemaLocation="http://enigma-game.org/schema/level/1 level.xsd" xmlns:el="http://enigma-game.org/schema/level/1">
  <el:protected>
    <el:info el:type="level">
      <el:identity el:title="Pentomino II" el:subtitle="" el:id="ralf_pento2"/>
      <el:version el:score="1" el:release="1" el:revision="0" el:status="released"/>
      <el:author  el:name="Ralf Westram" el:email="amgine@reallysoft.de" el:homepage=""/>
      <el:copyright>Copyright © 2004 Ralf Westram</el:copyright>
      <el:license el:type="GPL v2.0 or above" el:open="true"/>
      <el:compatibility el:enigma="0.92">
       <el:dependency el:path="lib/ralf_pento" el:id="lib/ralf_pento" el:release="1" el:preload="true"/>
      </el:compatibility>
      <el:modes el:easy="false" el:single="true" el:network="false"/>
      <el:comments>
        <el:code>Lua 5.1 and XML converted by Leveladministrators</el:code>
      </el:comments>
      <el:score el:easy="-" el:difficult="-"/>
    </el:info>
    <el:luamain><![CDATA[    
level={
   "##o###o#2##1#####o##",
   "#                 H#",
   "o RRRRR            o",
   "# RRRRR            #",
   "S RRRRR            #",
   "# RRRRR @@@@@@@@@@ o",
   "o RRRRR @@@@@@@@@@ #",
   "#       @@@@@@@@@@ #",
   "#       @@@@@@@@@@ #",
   "3  a d  @@@@@@@@@@ #",
   "o       @@@@@@@@@@ o",
   "#                  #",
   "##o#####o########o#T",
}

areafloor="fl-leaves"
normalfloor="fl-samba"
rotfloor="fl-bluegreen"
wallstone="st-blue-sand"

cells=pentocells("text1")
rs_create_world(level,cells)
early_check()
    ]]></el:luamain>
    <el:i18n>
      <el:string el:key="title">
        <el:english el:translate="false"/>
      </el:string>
      <el:string el:key="text1">
        <el:english el:translate="false">5*12 = 6*10</el:english>
      </el:string> 
    </el:i18n>
  </el:protected>
</el:level>
