<?xml version="1.0" encoding="UTF-8" standalone="no" ?>
<el:level xmlns:xsi="http://www.w3.org/2001/XMLSchema-instance" xsi:schemaLocation="http://enigma-game.org/schema/level/1 level.xsd" xmlns:el="http://enigma-game.org/schema/level/1">
  <el:protected>
    <el:info el:type="level">
      <el:identity el:title="- Meditation -" el:subtitle="" el:id="wb10"/>
      <el:version el:score="1" el:release="1" el:revision="0" el:status="released"/>
      <el:author  el:name="Jon 'WB' Sneyers" el:email="" el:homepage=""/>
      <el:copyright>Copyright © 2003 Jon 'WB' Sneyers</el:copyright>
      <el:license el:type="GPL v2.0 or above" el:open="true"/>
      <el:compatibility el:enigma="0.92">
       <el:dependency el:path="lib/ant" el:id="lib/ant" el:release="1" el:preload="true"/>
      </el:compatibility>
      <el:modes el:easy="false" el:single="true" el:network="false"/>
      <el:comments>
        <el:code>Lua 5.1 and XML converted by Leveladministrators</el:code>
      </el:comments>
      <el:score el:easy="-" el:difficult="-"/>
    </el:info>
    <el:luamain><![CDATA[
cells={}

cells[" "]=cell{floor="fl-wood"}
cells["_"]=cell{floor="fl-normal"}

cells["="]=cell{stone="st-rock5"}
cells["#"]=cell{stone="st-rock6"}
cells["."]=cell{floor="fl-abyss"}

cells["H"]=cell{stone="st-chameleon"}

cells["&"]=cell{{{oneway, EAST}}}
cells["%"]=cell{{{oneway, WEST}}}

cells["o"]=cell{actor={face="ac-whiteball-small", attr={player=0}}}
cells["O"]=hollow
cells["0"]=oxyd

level = {      
   "####################",
   "#O   %        &   O#",
   "######  O  O  ######",
   "#O  %          &  O#",
   "#####  o    o  #####",
   "#  %    oooo    &  #",
   "#O %    o##o    & O#",
   "#  %    oooo    &  #",
   "#####  o    o  #####",
   "#O  %          &  O#",
   "######  O  O  ######",
   "#O   %        &   O#",
   "####################"
}
--  01234567890123456789

oxyd_default_flavor = "b"
set_default_parent(cells[" "])
create_world_by_map(level)
oxyd_shuffle()
    ]]></el:luamain>
    <el:i18n>
      <el:string el:key="title">
        <el:english el:translate="false"/>
      </el:string>
    </el:i18n>
  </el:protected>
</el:level>
