<?xml version="1.0" encoding="UTF-8" standalone="no" ?>
<el:level xmlns:xsi="http://www.w3.org/2001/XMLSchema-instance" xsi:schemaLocation="http://enigma-game.org/schema/level/1 level.xsd" xmlns:el="http://enigma-game.org/schema/level/1">
  <el:protected>
    <el:info el:type="level">
      <el:identity el:title="- Meditation -" el:subtitle="" el:id="alain03"/>
      <el:version el:score="1" el:release="1" el:revision="0" el:status="released"/>
      <el:author  el:name="Alain Busser" el:email="" el:homepage=""/>
      <el:copyright>Copyright © 2005 Alain Busser</el:copyright>
      <el:license el:type="GPL v2.0 or above" el:open="true"/>
      <el:compatibility el:enigma="0.92">
       <el:dependency el:path="lib/ant" el:id="lib/ant" el:release="1" el:preload="true"/>
      </el:compatibility>
      <el:modes el:easy="false" el:single="true" el:network="false"/>
      <el:comments>
        <el:code>Lua 5.1 and XML converted by Leveladministrators</el:code>
      </el:comments>
      <el:score el:easy="-" el:difficult="0:11"/>
    </el:info>
    <el:luamain><![CDATA[

cells={}
cells[" "]=cell{floor="fl-leaves"}
cells["#"]=cell{stone="st-likeoxyda"}
cells["o"]=cell{actor={"ac-whiteball-small", {player=0}}}
cells["+"]=cell{item="it-hollow"}
level = {
   "####################",
   "#        oo        #",
   "# ################ #",
   "# #              # #",
   "# # #####  ##### # #",
   "# # #          # # #", 
   "#   # # # +# # #   #",
   "# # #          # # #",
   "# # #####  ##### # #",
   "# #              # #",
   "# ################ #",
   "#        +         #",
   "####################"
}
set_default_parent(cells[" "])
create_world_by_map(level,cells)
oxyd_shuffle()
    ]]></el:luamain>
    <el:i18n>
      <el:string el:key="title">
        <el:english el:translate="false"/>
      </el:string>
    </el:i18n>
  </el:protected>
</el:level>
