<?xml version="1.0" encoding="UTF-8" standalone="no" ?>
<el:level xmlns:xsi="http://www.w3.org/2001/XMLSchema-instance" xsi:schemaLocation="http://enigma-game.org/schema/level/1 level.xsd" xmlns:el="http://enigma-game.org/schema/level/1">
  <el:protected>
    <el:info el:type="level">
      <el:identity el:title="Escher's World" el:subtitle="" el:id="ant09"/>
      <el:version el:score="1" el:release="1" el:revision="0" el:status="released"/>
      <el:author  el:name="Petr Machata" el:email="" el:homepage=""/>
      <el:copyright>Copyright © 2002 Petr Machata</el:copyright>
      <el:license el:type="GPL v2.0 or above" el:open="true"/>
      <el:compatibility el:enigma="0.92">
       <el:dependency el:path="lib/ant" el:id="lib/ant" el:release="1" el:preload="true"/>
      </el:compatibility>
      <el:modes el:easy="false" el:single="true" el:network="false"/>
      <el:comments>
        <el:code>Lua 5.1 and XML converted by Leveladministrators</el:code>
      </el:comments>
      <el:score el:easy="-" el:difficult="-"/>
    </el:info>
    <el:luamain><![CDATA[
-- 2003-02-10 -- keeping up to date with latest additions to ant.lua

cells={}
cells["."]=cell{}
cells[" "]=cell{floor="fl-normal"}
cells["v"]=cell{{{gradient, 1}}}
cells["^"]=cell{{{gradient, 2}}}
cells[">"]=cell{{{gradient, 3}}}
cells["<"]=cell{{{gradient, 4}}}
cells["O"]=cell{parent=cells[" "], actor={"ac-blackball",{player=0}}}
cells["0"]=oxyd

level = {
   "....................",
   ".O<<<< <<<<<<<<<<< .",
   ".v....v.........0.^.",
   ".v....v..........0^.",
   ".v....v...........^.",
   ".v....v...........^.",
   ".v.... >>00<< ....^.",
   ".v...........^....^.",
   ".v...........^....^.",
   ".v0..........^....^.",
   ".v.0.........^....^.",
   ". >>>>>>>>>>> >>>> .",
   "...................."
}

oxyd_default_flavor = "b"
set_default_parent(abyss)
create_world_by_map(level)
oxyd_shuffle()
    ]]></el:luamain>
    <el:i18n>
      <el:string el:key="title">
        <el:english el:translate="false"/>
      </el:string>
    </el:i18n>
  </el:protected>
</el:level>
