<?xml version="1.0" encoding="UTF-8" standalone="no" ?>
<el:level xmlns:xsi="http://www.w3.org/2001/XMLSchema-instance" xsi:schemaLocation="http://enigma-game.org/schema/level/1 level.xsd" xmlns:el="http://enigma-game.org/schema/level/1">
  <el:protected>
    <el:info el:type="level">
      <el:identity el:title="Turbulence" el:subtitle="" el:id="duffy24"/>
      <el:version el:score="1" el:release="1" el:revision="0" el:status="released"/>
      <el:author  el:name="Jacob Scott" el:email="" el:homepage=""/>
      <el:copyright>Copyright © 2003 Jacob Scott</el:copyright>
      <el:license el:type="GPL v2.0 or above" el:open="true"/>
      <el:compatibility el:enigma="0.92">
      </el:compatibility>
      <el:modes el:easy="false" el:single="true" el:network="false"/>
      <el:comments>
        <el:code>Lua 5.1 and XML converted by Leveladministrators</el:code>
      </el:comments>
      <el:score el:easy="-" el:difficult="-"/>
    </el:info>
    <el:luamain><![CDATA[
levelw=60
levelh=30

create_world( levelw, levelh)

fill_floor("fl-bluegreen", 0,0,levelw,levelh)

function renderLine( line, pattern)
    for i=1, strlen(pattern) do
        local c = strsub( pattern, i, i)
        if c =="#" then
            set_stone( "st-greenbrown", i-1, line)
        elseif c == "o" then
            oxyd( i-1, line)
        elseif c == "D" then
            set_stone( "st-death", i-1, line)
                elseif c == "!" then
            abyss(i-1,line)
        elseif c == "=" then
            fill_floor("fl-bluegreen", i-1,line, 1,1)
        elseif c == "+" then
            fill_floor("fl-space", i-1,line, 1,1)
        elseif c == "a" then
              set_stone("st-switch", i-1,line, {action="openclose", target="door1"})
        elseif c == "A" then
            set_stone("st-door", i-1, line , {name="door1", type="v"})
        elseif c == "z" then
            set_actor("ac-blackball", i-1+1,line+.5)
        elseif c == "d" then --1-d
            set_floor("fl-gradient",  i-1,  line, {type=1})
        elseif c == "u" then --2-u
            set_floor("fl-gradient",  i-1,  line, {type=2})
        elseif c == "r" then --3-r
            set_floor("fl-gradient",  i-1,  line, {type=3})
        elseif c == "l" then --4-l
            set_floor("fl-gradient",  i-1,  line, {type=4})
        elseif c == "1" then --ur
            set_floor("fl-gradient",  i-1,  line, {type=11})
        elseif c == "3" then --dl
            set_floor("fl-gradient",  i-1,  line, {type=9})
        elseif c == "7" then --dr
            set_floor("fl-gradient",  i-1,  line, {type=12})
        elseif c == "9" then --ul
            set_floor("fl-gradient",  i-1,  line, {type=10})
        end
    end    
end

-- Floor:  " "
-- Border: "#"
-- Oxyd:   "o"

renderLine(00,"!!!!!!!!!!!!!!!!!!!!")
renderLine(01,"!DdulrdulDDulrdulrD!")
renderLine(02,"!uordulrdulrdulrdol!")
renderLine(03,"!rdulrDulrdulDdulrd!")
renderLine(04,"!ulrdolrdulrduordul!")
renderLine(05,"!rdulrdulrdulrdulrd!")
renderLine(06,"!oDrdulrdz=rdulrdDo!")
renderLine(07,"!rdulrdulrdulrdulrd!")
renderLine(08,"!ulrdolrdulrduordul!")
renderLine(09,"!rdulrDulrdulDdulrd!")
renderLine(10,"!uordulrdulrdulrdol!")
renderLine(11,"!DdulrdulDDulrdulrD!")
renderLine(12,"!!!!!!!!!!!!!!!!!!!!")

oxyd_shuffle()
    ]]></el:luamain>
    <el:i18n>
      <el:string el:key="title">
        <el:english el:translate="false"/>
      </el:string>
    </el:i18n>
  </el:protected>
</el:level>
