<?xml version="1.0" encoding="UTF-8" standalone="no" ?>
<el:level xmlns:xsi="http://www.w3.org/2001/XMLSchema-instance" xsi:schemaLocation="http://enigma-game.org/schema/level/1 level.xsd" xmlns:el="http://enigma-game.org/schema/level/1">
  <el:protected>
    <el:info el:type="level">
      <el:identity el:title="Island Paradise" el:subtitle="" el:id="duffy100"/>
      <el:version el:score="1" el:release="1" el:revision="0" el:status="released"/>
      <el:author  el:name="Jacob Scott" el:email="" el:homepage=""/>
      <el:copyright>Copyright © 2004 Jacob Scott</el:copyright>
      <el:license el:type="GPL v2.0 or above" el:open="true"/>
      <el:compatibility el:enigma="0.92">
      </el:compatibility>
      <el:modes el:easy="false" el:single="true" el:network="false"/>
      <el:comments>
        <el:code>Lua 5.1 and XML converted by Leveladministrators</el:code>
      </el:comments>
      <el:score el:easy="-" el:difficult="-"/>
    </el:info>
    <el:luamain><![CDATA[
levelw=21
levelh=13

create_world( levelw, levelh)
enigma.ConserveLevel=FALSE

fill_floor("fl-water", 0,0,levelw,levelh)

function renderLine( line, pattern)
    for i=1, strlen(pattern) do
        local c = strsub( pattern, i, i)
        if c =="%" then
            set_stone( "st-greenbrown", i-1, line)
        elseif c =="#" then
            set_stone( "st-glass", i-1, line)
        elseif c =="S" then
            set_stone( "st-stoneimpulse", i-1, line)
        elseif c =="T" then
            set_stone( "st-stoneimpulse", i-1, line)
            set_floor("fl-leaves",i-1,line)
        elseif c =="X" then
            set_stone( "st-death", i-1, line)
        elseif c == "o" then
           oxyd(i-1,line)
           set_floor("fl-leaves",i-1,line)
        elseif c == "*" then
            set_stone( "st-brownie", i-1, line)
                elseif c == "!" then
            abyss(i-1,line)
        elseif c == "~" then
           set_floor("fl-water",i-1,line)
        elseif c=="z" then
           set_actor("ac-blackball", i-1,line, {player=0})
            set_floor("fl-leaves",i-1,line)
        elseif c == "g" then
            draw_stones("st-grate1",{i-1,line}, {1,1}, 1)
            set_floor("fl-leaves",i-1,line)
        elseif c=="+" then
            set_stone( "st-wood", i-1, line)
            set_floor("fl-leaves",i-1,line)
        elseif c=="=" then
            set_floor("fl-space",i-1,line)
        elseif c=="x" then
            set_floor("fl-leaves",i-1,line)
        elseif c == "d" then --1-d
            set_floor("fl-gradient",  i-1,  line, {type=1})
        elseif c == "u" then --2-u
            set_floor("fl-gradient",  i-1,  line, {type=2})
        elseif c == "r" then --3-r
            set_floor("fl-gradient",  i-1,  line, {type=3})
        elseif c == "l" then --4-l
            set_floor("fl-gradient",  i-1,  line, {type=4})
        elseif c == "1" then --ur
            set_floor("fl-gradient",  i-1,  line, {type=11})
        elseif c == "3" then --dl
            set_floor("fl-gradient",  i-1,  line, {type=9})
        elseif c == "7" then --dr
            set_floor("fl-gradient",  i-1,  line, {type=12})
        elseif c == "9" then --ul
            set_floor("fl-gradient",  i-1,  line, {type=10})
        elseif c=="s" then
                set_item("it-seed",i-1,line)
            set_floor("fl-leaves",i-1,line)
         end
    end    
     end

renderLine(00,"####################")
renderLine(01,"#oxx   +xx+ xx Sx o#")
renderLine(02,"#  +        #+x x  #")
renderLine(03,"#x+x     x+ +x+    #")
renderLine(04,"# +x xxx    x+x x+ #")
renderLine(05,"#S+x xz+ +xx  + +++#")
renderLine(06,"#    x+x x+     x x#")
renderLine(07,"#xxx         +x    #")
renderLine(08,"#+++    x+x xxx    #")
renderLine(09,"# +  +x +xx     +++#")
renderLine(10,"#    xx      x+ xxx#")
renderLine(11,"#oxx     x+ xxx xxo#")
renderLine(12,"####################")

oxyd_shuffle()
    ]]></el:luamain>
    <el:i18n>
      <el:string el:key="title">
        <el:english el:translate="false"/>
      </el:string>
    </el:i18n>
  </el:protected>
</el:level>
