<?xml version="1.0" encoding="UTF-8" standalone="no" ?>
<el:level xmlns:xsi="http://www.w3.org/2001/XMLSchema-instance" xsi:schemaLocation="http://enigma-game.org/schema/level/1 level.xsd" xmlns:el="http://enigma-game.org/schema/level/1">
  <el:protected>
    <el:info el:type="level">
      <el:identity el:title="Is It Easy?" el:subtitle="" el:id="martin06"/>
      <el:version el:score="1" el:release="1" el:revision="0" el:status="released"/>
      <el:author  el:name="Martin Hawlisch" el:email="" el:homepage=""/>
      <el:copyright>Copyright © 2003 Martin Hawlisch</el:copyright>
      <el:license el:type="GPL version 2" el:open="true"/>
      <el:compatibility el:enigma="0.92">
      </el:compatibility>
      <el:modes el:easy="false" el:single="true" el:network="false"/>
      <el:comments>
        <el:code>Lua 5.1 and XML converted by Leveladministrators</el:code>
      </el:comments>
      <el:score el:easy="-" el:difficult="-"/>
    </el:info>
    <el:luamain><![CDATA[
levelw = 20
levelh = 13

create_world( levelw, levelh)
draw_border("st-fakeoxyd")
fill_floor("fl-leavesb", 0,0,levelw,levelh)

oxyd( 1,0)
oxyd( 0,1)
oxyd( 18,0)
oxyd( 19,1)
oxyd( 0,11)
oxyd( 1,12)
oxyd( 18,12)
oxyd( 19,11)
oxyd( 5,6)
oxyd( 14,6)
oxyd_shuffle()

document(2,2,"text1")
set_actor("ac-blackball", 10, 6)
    ]]></el:luamain>
    <el:i18n>
      <el:string el:key="title">
        <el:english el:translate="false"/>
      </el:string>
      <el:string el:key="text1">
        <el:english el:translate="true"> . . . There are more than two . . .</el:english>
      </el:string> 
    </el:i18n>
  </el:protected>
</el:level>
