<?xml version="1.0" encoding="UTF-8" standalone="no" ?>
<el:level xmlns:xsi="http://www.w3.org/2001/XMLSchema-instance" xsi:schemaLocation="http://enigma-game.org/schema/level/1 level.xsd" xmlns:el="http://enigma-game.org/schema/level/1">
  <el:protected>
    <el:info el:type="level">
      <el:identity el:title="The Racetrack" el:subtitle="" el:id="martin31"/>
      <el:version el:score="1" el:release="1" el:revision="0" el:status="released"/>
      <el:author  el:name="Martin Hawlisch" el:email="" el:homepage=""/>
      <el:copyright>Copyright © 2003 Martin Hawlisch</el:copyright>
      <el:license el:type="GPL version 2" el:open="true"/>
      <el:compatibility el:enigma="0.92">
      </el:compatibility>
      <el:modes el:easy="false" el:single="true" el:network="false"/>
      <el:comments>
        <el:code>Lua 5.1 and XML converted by Leveladministrators</el:code>
      </el:comments>
      <el:score el:easy="-" el:difficult="-"/>
    </el:info>
    <el:luamain><![CDATA[
levelw = 20
levelh = 13

stone="st-death"
create_world( levelw, levelh)
draw_border( stone)
draw_checkerboard_floor( "fl-normal", "fl-inverse", 0, 0, levelw, levelh)

draw_stones( stone, { 6,1}, {0,1}, 6)
draw_stones( stone, {13,6}, {0,1}, 6)
draw_floor( "fl-water", { 3,3}, {0,1}, 6)
draw_floor( "fl-water", {16,4}, {0,1}, 6)
draw_floor( "fl-water", {11,3}, {1,0}, 6)
draw_floor( "fl-water", { 3,9}, {1,0}, 6)
draw_floor( "fl-water", {10,3}, {0,1}, 5)
draw_floor( "fl-water", { 9,5}, {0,1}, 5)

oxyd( 0, 3)
oxyd( 0, 9)
oxyd(19, 3)
oxyd(19, 9)
oxyd(13, 0)
oxyd( 6,12)
oxyd(10, 6)
oxyd( 9, 6)
oxyd_shuffle()

set_actor("ac-blackball", 8.5, 2.5)
    ]]></el:luamain>
    <el:i18n>
      <el:string el:key="title">
        <el:english el:translate="false"/>
      </el:string>
    </el:i18n>
  </el:protected>
</el:level>
