<?xml version="1.0" encoding="UTF-8" standalone="no" ?>
<el:level xmlns:xsi="http://www.w3.org/2001/XMLSchema-instance" xsi:schemaLocation="http://enigma-game.org/schema/level/1 level.xsd" xmlns:el="http://enigma-game.org/schema/level/1">
  <el:protected>
    <el:info el:type="level">
      <el:identity el:title="Three Plugs" el:subtitle="" el:id="martin83"/>
      <el:version el:score="1" el:release="1" el:revision="0" el:status="released"/>
      <el:author  el:name="Martin Hawlisch" el:email="" el:homepage=""/>
      <el:copyright>Copyright © 2003 Martin Hawlisch</el:copyright>
      <el:license el:type="GPL version 2" el:open="true"/>
      <el:compatibility el:enigma="0.92">
      </el:compatibility>
      <el:modes el:easy="false" el:single="true" el:network="false"/>
      <el:comments>
        <el:code>Lua 5.1 and XML converted by Leveladministrators</el:code>
      </el:comments>
      <el:score el:easy="-" el:difficult="-"/>
    </el:info>
    <el:luamain><![CDATA[
levelw = 20
levelh = 13

create_world(levelw, levelh)

oxyd_default_flavor = "b"

function renderLine( line, pattern)
    for i=1, strlen(pattern) do
      local c = strsub( pattern, i, i)
      if c =="#" then
         set_floor("fl-samba",i-1,line)
         fakeoxyd(i-1,line, 1,1)
      elseif c == "O" then
         set_floor("fl-samba",i-1,line)
         oxyd( i-1, line)
      elseif c == "." then
         set_floor("fl-water",i-1,line)
      elseif c == "+" then
         set_floor("fl-samba",i-1,line)
         set_stone("st-wood",i-1,line)
      elseif c == "-" then
         set_floor("fl-samba",i-1,line)
      else
         set_floor("fl-water",i-1,line)
      end
    end
end

renderLine( 0, "                    ")
renderLine( 1, "                    ")
renderLine( 2, "      #####         ")
renderLine( 3, "      #---#         ")
renderLine( 4, "      #-++# ###     ")
renderLine( 5, "      #-+-# O.O     ")
renderLine( 6, "      ###-###.#     ")
renderLine( 7, "       ##----.#     ")
renderLine( 8, "       #---#--#     ")
renderLine( 9, "       #---####     ")
renderLine(10, "       #####        ")
renderLine(11, "                    ")
renderLine(12, "                    ")

set_actor("ac-blackball", 7.5, 4.5)
    ]]></el:luamain>
    <el:i18n>
      <el:string el:key="title">
        <el:english el:translate="false"/>
      </el:string>
    </el:i18n>
  </el:protected>
</el:level>
