<?xml version="1.0" encoding="UTF-8" standalone="no" ?>
<el:level xmlns:xsi="http://www.w3.org/2001/XMLSchema-instance" xsi:schemaLocation="http://enigma-game.org/schema/level/1 level.xsd" xmlns:el="http://enigma-game.org/schema/level/1">
  <el:protected>
    <el:info el:type="level">
      <el:identity el:title="Mossy Paths" el:subtitle="" el:id="martin02"/>
      <el:version el:score="1" el:release="1" el:revision="0" el:status="released"/>
      <el:author  el:name="Martin Hawlisch" el:email="" el:homepage=""/>
      <el:copyright>Copyright © 2003 Martin Hawlisch</el:copyright>
      <el:license el:type="GPL version 2" el:open="true"/>
      <el:compatibility el:enigma="0.92">
      </el:compatibility>
      <el:modes el:easy="false" el:single="true" el:network="false"/>
      <el:comments>
        <el:code>Lua 5.1 and XML converted by Leveladministrators</el:code>
      </el:comments>
      <el:score el:easy="-" el:difficult="-"/>
    </el:info>
    <el:luamain><![CDATA[
levelw = 77
levelh = 37

create_world( levelw, levelh)

fill_floor("fl-leaves", 0,0,levelw,levelh)

function renderLine( line, pattern)
    for i=1, strlen(pattern) do
        local c = strsub( pattern, i, i)
        if c =="#" then
            set_stone( "st-metal", i-1, line)
        elseif c == "o" then
            oxyd( i-1, line)
        end
    end
end

-- Floor:  " "
-- Border: "#"
-- Oxyd:   "o"

renderLine(  0, "#############################################################################")
renderLine(  1, "#o      #   #               #           #           #    #                  #")
renderLine(  2, "####### # # ### ########### # ######### # ######### # ## #          o       #")
renderLine(  3, "#     # # #   #     #     #   #   #     # #       #   #o #                  #")
renderLine(  4, "# # # # # ### ### # # ######### ### ##### # ##### ###### #                  #")
renderLine(  5, "# # # # # # #   # # #           #   #     # #     # #    #                  #")
renderLine(  6, "# # ### # # ### ### # ####### # # ### ##### # ##### # ####                  #")
renderLine(  7, "# #   # # #   # #   #   #     # #     #     #       #    #                  #")
renderLine(  8, "# ### # # # # # # ##### # ##### ####### ########### #### #                  #")
renderLine(  9, "# #   # # # # # #   #   #   # # #       #         #    # #                  #")
renderLine( 10, "### ### # # ### ### # ##### # # # ####### ##### ##### ## #                  #")
renderLine( 11, "#   #   # #   #   # # #     # # # #     # #     #   # #  #                  #")
renderLine( 12, "# ### ### # # ### # ### ##### # # ### # ### ### # # # # ##                  #")
renderLine( 13, "# #   #   # #     #   # #     # #   # #   # #   # # # #  #                  #")
renderLine( 14, "# # ### ######### ### # # ### # ### # ### # ##### # # ## #                  #")
renderLine( 15, "#   #           #   # # # #   #   # # # #   #     #   #  #                  #")
renderLine( 16, "# ### ######### ### # # ### # ### # # # ### # ######### ##                  #")
renderLine( 17, "#   # #         # #   #   # # #   # # #   # # #       #  #                  #")
renderLine( 18, "### ### ######### ##### # # ### ### # # # # # ### ###### #                  #")
renderLine( 19, "# #     #         #   # # #     #o  # # #   #   #      # #                  #")
renderLine( 20, "# ####### ####### # # # # ### ##### # ######### ###### # #                  #")
renderLine( 21, "#         #   #   # # # #   #       #         #   #    # #                  #")
renderLine( 22, "# ######### # # ### # # ### ######### ##### # ### # #### #                  #")
renderLine( 23, "#   #       # # #   # #   #   #     # # #   #   # #    # #                  #")
renderLine( 24, "### # ### ##### ### # ### ### # ### # # # ####### ## # # #                  #")
renderLine( 25, "#   # # # #   #     #   #   # #   # #   #            # # #                  #")
renderLine( 26, "# ### # # # # ######### ### # ### ### ##### ####### ## # #                  #")
renderLine( 27, "# #   #   # #         #   # #   #     #   # #   #      # #                  #")
renderLine( 28, "# # ####### ####### # ### # ### ### ### # ### # ######## #                  #")
renderLine( 29, "# #       #   #   # #   # # # #   # #   #     #   #      #                  #")
renderLine( 30, "# ##### # # ### # # ### # # # ### ### ########### # ######                  #")
renderLine( 31, "#     # #   #   #   #   # # #   #     #     #     #    # #                  #")
renderLine( 32, "# ### ####### ########### # ### ####### ### # ### #### # #                  #")
renderLine( 33, "# #   #     #             #       #       # # #      #   #                  #")
renderLine( 34, "# # ### ### ##################### ####### # # ########## #                  #")
renderLine( 35, "#o#       #                               #o#                               #")
renderLine( 36, "#############################################################################")

oxyd_shuffle()

-- Added CreatingPreview-section to show part of maze: Andreas, Oct 06
if enigma.CreatingPreview then
  set_actor("ac-blackball", 51.5, 35.5)
  display.SetFollowMode(display.FOLLOW_SMOOTH)
else
  set_actor("ac-blackball", 70, 16)
  display.SetFollowMode(display.FOLLOW_SCROLLING)
end
    ]]></el:luamain>
    <el:i18n>
      <el:string el:key="title">
        <el:english el:translate="false"/>
      </el:string>
    </el:i18n>
  </el:protected>
</el:level>
