<?xml version="1.0" encoding="UTF-8" standalone="no" ?>
<el:level xmlns:xsi="http://www.w3.org/2001/XMLSchema-instance" xsi:schemaLocation="http://enigma-game.org/schema/level/1 level.xsd" xmlns:el="http://enigma-game.org/schema/level/1">
  <el:protected>
    <el:info el:type="level">
      <el:identity el:title="Slalom" el:subtitle="" el:id="martin76"/>
      <el:version el:score="1" el:release="1" el:revision="0" el:status="released"/>
      <el:author  el:name="Martin Hawlisch" el:email="" el:homepage=""/>
      <el:copyright>Copyright © 2003 Martin Hawlisch</el:copyright>
      <el:license el:type="GPL version 2" el:open="true"/>
      <el:compatibility el:enigma="0.92">
      </el:compatibility>
      <el:modes el:easy="false" el:single="true" el:network="false"/>
      <el:comments>
        <el:code>Lua 5.1 and XML converted by Leveladministrators</el:code>
      </el:comments>
      <el:score el:easy="-" el:difficult="-"/>
    </el:info>
    <el:luamain><![CDATA[
levelw = 20
levelh = 13

create_world( levelw, levelh)
draw_border("st-death")
draw_stones("st-death", {5,1},{0,1},5)
draw_stones("st-death", {14,7},{0,1},5)

fill_floor("fl-space")

fill_floor("fl-metal", 1,1,4,4)
fill_floor("fl-metal", 15,8,4,4)

SetDefaultAttribs("it-wormhole", {range=50, strength=50})

set_item("it-wormhole", 13,6,{targetx=18.6, targety=10.6})
set_item("it-wormhole", 6,6,{targetx=18.6, targety=10.6})

set_item("it-hollow", 18,10)

oxyd(1,1)
oxyd(18,11)

oxyd_shuffle()

set_actor("ac-blackball", 18.6, 10.6)
    ]]></el:luamain>
    <el:i18n>
      <el:string el:key="title">
        <el:english el:translate="false"/>
      </el:string>
    </el:i18n>
  </el:protected>
</el:level>
