<?xml version="1.0" encoding="UTF-8" standalone="no" ?>
<el:level xmlns:xsi="http://www.w3.org/2001/XMLSchema-instance" xsi:schemaLocation="http://enigma-game.org/schema/level/1 level.xsd" xmlns:el="http://enigma-game.org/schema/level/1">
  <el:protected>
    <el:info el:type="level">
      <el:identity el:title="esprit 47" el:subtitle="esprit 47" el:id="ss_esp47"/>
      <el:version el:score="2" el:release="2" el:revision="0" el:status="released"/>
      <el:author  el:name="Sven Siggelkow" el:email="" el:homepage=""/>
      <el:copyright>Copyright © 2003 Sven Siggelkow</el:copyright>
      <el:license el:type="GPL v2.0 or above" el:open="true"/>
      <el:compatibility el:enigma="0.92">
       <el:dependency el:path="lib/andreas_ghosts" el:id="lib/andreas_ghosts" el:release="1" el:preload="true"/>
      </el:compatibility>
      <el:modes el:easy="false" el:single="true" el:network="false"/>
      <el:comments>
        <el:code>Lua 5.1 and XML converted by Leveladministrators</el:code>
      </el:comments>
      <el:score el:easy="-" el:difficult="-"/>
    </el:info>
    <el:luamain><![CDATA[
-- problem: killer should be a spermbird, which is seeking randomly for the marble
-- Apr.2003: Replaced the rotor with a ghost. -- Andreas

levelw = 20
levelh = 13

create_world(levelw, levelh)
oxyd_default_flavor = "b" 
set_actor("ac-blackball",10.5,9.5)
--set_actor("ac-rotor", 10.5,3.5, {mouseforce=0, range=5, force=12}) 
ghosts_set_ghost(10,3,"ac-rotor",1,ghosts_direction_intelligent,
                    {range=5, force=12, gohome=FALSE})
--enigma.SlopeForce = 17
fill_floor("fl-abyss",0,0,levelw,levelh)
--ghosts_set_railarea(0,0,levelw,levelh,1,"")

function renderLine( line, pattern)
    for i=1, strlen(pattern) do
      local c = strsub( pattern, i, i)
      if c ==   "#" then
         set_stone("st-rock4", i-1,line)
      elseif c=="f" then
         set_floor("fl-himalaya", i-1,line)
         ghosts_set_rail(i-1,line,1,"")
      elseif c=="F" then
         set_floor("fl-himalaya", i-1,line)
         ghosts_set_rail(i-1,line,1,"")
         set_item("it-extralife", i-1,line)
      elseif c=="O" then
     oxyd(i-1,line)
        end
    end  
end

--               01234567890123456789
renderLine(00 , "#O########O######O##")
renderLine(01 , "Offffffffffffff  f #")
renderLine(02 , "#    f f      f  f #")
renderLine(03 , "#fffff f fff  f  f #")
renderLine(04 , "#f  f  f f f  f  f #")  
renderLine(05 , "#f  f  f f f  f  f #")
renderLine(06 , "#f  f  f O f  ffff #")
renderLine(07 , "#Fffffff   ffff  f #")
renderLine(08 , "#f  f  f   f  f  f #")
renderLine(09 , "#f  f  fffff  f  f #")
renderLine(10 , "#f  f         f  f #")
renderLine(11 , "#fffffffffffffFfff #")
renderLine(12 , "##########O#########")
--               01234567890123456789

oxyd_shuffle()
ghosts_init(0,0)
    ]]></el:luamain>
    <el:i18n>
      <el:string el:key="title">
        <el:english el:translate="false"/>
      </el:string>
    </el:i18n>
  </el:protected>
</el:level>
