<?xml version="1.0" encoding="UTF-8" standalone="no" ?>
<el:level xmlns:xsi="http://www.w3.org/2001/XMLSchema-instance" xsi:schemaLocation="http://enigma-game.org/schema/level/1 level.xsd" xmlns:el="http://enigma-game.org/schema/level/1">
  <el:protected>
    <el:info el:type="level">
      <el:identity el:title="esprit 99" el:subtitle="esprit 99" el:id="ss_esp99"/>
      <el:version el:score="1" el:release="1" el:revision="0" el:status="released"/>
      <el:author  el:name="Sven Siggelkow" el:email="" el:homepage=""/>
      <el:copyright>Copyright © 2003 Sven Siggelkow</el:copyright>
      <el:license el:type="GPL v2.0 or above" el:open="true"/>
      <el:compatibility el:enigma="0.92">
      </el:compatibility>
      <el:modes el:easy="false" el:single="true" el:network="false"/>
      <el:comments>
        <el:code>Lua 5.1 and XML converted by Leveladministrators</el:code>
      </el:comments>
      <el:score el:easy="-" el:difficult="-"/>
    </el:info>
    <el:luamain><![CDATA[
levelw = 20
levelh = 13
create_world(levelw, levelh)
oxyd_default_flavor = "b" 
set_actor("ac-blackball",9.5,5.5)
set_actor("ac-rotor", 1.5,2.5, {range=25, force=33})
set_actor("ac-rotor", 18.5,2.5, {range=25, force=33}) 
enigma.AddConstantForce(0,30)
fill_floor("fl-floor_001",0,0,levelw,levelh)

function renderLine( line, pattern)
    for i=1, strlen(pattern) do
      local c = strsub( pattern, i, i)
      if c ==   "#" then
         set_stone("st-invisible", i-1,line)
      elseif c=="b" then
         set_stone("st-actorimpulse_invisible", i-1,line)
      elseif c=="O" then
     oxyd(i-1,line)
        end
    end  
end
--               01234567890123456789
renderLine(00 , "####################")
renderLine(01 , "####################")
renderLine(02 , "#     O      O     #")
renderLine(03 , "#  O            O  #")
renderLine(04 , "#                  #")  
renderLine(05 , "#      O    O      #")
renderLine(06 , "#                  #")
renderLine(07 , "#                  #")
renderLine(08 , "#  O            O  #")
renderLine(09 , "#                  #")
renderLine(10 , "#                  #")
renderLine(11 , "#bbbbbbbbbbbbbbbbbb#")
renderLine(12 , "####################")
--               01234567890123456789
oxyd_shuffle()
    ]]></el:luamain>
    <el:i18n>
      <el:string el:key="title">
        <el:english el:translate="false"/>
      </el:string>
    </el:i18n>
  </el:protected>
</el:level>
