<?xml version="1.0" encoding="UTF-8" standalone="no" ?>
<el:level xmlns:xsi="http://www.w3.org/2001/XMLSchema-instance" xsi:schemaLocation="http://enigma-game.org/schema/level/1 level.xsd" xmlns:el="http://enigma-game.org/schema/level/1">
  <el:protected>
    <el:info el:type="level">
      <el:identity el:title="esprit 23" el:subtitle="esprit 23" el:id="ss_esp23"/>
      <el:version el:score="1" el:release="1" el:revision="0" el:status="released"/>
      <el:author  el:name="Sven Siggelkow" el:email="" el:homepage=""/>
      <el:copyright>Copyright © 2003 Sven Siggelkow</el:copyright>
      <el:license el:type="GPL v2.0 or above" el:open="true"/>
      <el:compatibility el:enigma="0.92">
      </el:compatibility>
      <el:modes el:easy="false" el:single="true" el:network="false"/>
      <el:comments>
        <el:code>Lua 5.1 and XML converted by Leveladministrators</el:code>
      </el:comments>
      <el:score el:easy="-" el:difficult="-"/>
    </el:info>
    <el:luamain><![CDATA[
levelw = 20
levelh = 13

create_world(levelw, levelh)
oxyd_default_flavor = "d"

set_actor("ac-blackball", 10,6.5)
fill_floor( "fl-bluegreenx", 0, 0,levelw,levelh)

function renderLine( line, pattern)
    for i=1, strlen(pattern) do
      local c = strsub( pattern, i, i)
      if c ==   "#" then
         set_stone("st-rock3_break", i-1,line)
      elseif c=="H" then
         hammer(i-1,line)
      elseif c=="B" then                                                                
         set_stone("st-actorimpulse", i-1,  line)
      elseif c=="O" then
     oxyd(i-1,line)
        end
    end  
end
--               01234567890123456789
renderLine(00 , "BBBBBBBBBBBBBBBBBBBB")
renderLine(01 , "BO################OB")
renderLine(02 , "B#B#B#B#B##B#B#B#B#B")
renderLine(03 , "B##################B")
renderLine(04 , "B#B#B#B#B##B#B#B#B#B")  
renderLine(05 , "B##################B")
renderLine(06 , "B#B#B#B##H ##B#B#B#B")
renderLine(07 , "B##################B")
renderLine(08 , "B#B#B#B#B##B#B#B#B#B")
renderLine(09 , "B##################B")
renderLine(10 , "B#B#B#B#B##B#B#B#B#B")
renderLine(11 , "BO################OB")
renderLine(12 , "BBBBBBBBBBBBBBBBBBBB")
--               01234567890123456789
oxyd_shuffle()
    ]]></el:luamain>
    <el:i18n>
      <el:string el:key="title">
        <el:english el:translate="false"/>
      </el:string>
    </el:i18n>
  </el:protected>
</el:level>
