<?xml version="1.0" encoding="UTF-8" standalone="no" ?>
<el:level xmlns:xsi="http://www.w3.org/2001/XMLSchema-instance" xsi:schemaLocation="http://enigma-game.org/schema/level/1 level.xsd" xmlns:el="http://enigma-game.org/schema/level/1">
  <el:protected>
    <el:info el:type="level">
      <el:identity el:title="esprit 5" el:subtitle="esprit 5" el:id="martin48"/>
      <el:version el:score="1" el:release="1" el:revision="0" el:status="released"/>
      <el:author  el:name="Martin Hawlisch" el:email="" el:homepage=""/>
      <el:copyright>Copyright © 2003 Martin Hawlisch</el:copyright>
      <el:license el:type="GPL version 2" el:open="true"/>
      <el:compatibility el:enigma="0.92">
      </el:compatibility>
      <el:modes el:easy="false" el:single="true" el:network="false"/>
      <el:comments>
        <el:code>Lua 5.1 and XML converted by Leveladministrators</el:code>
      </el:comments>
      <el:score el:easy="-" el:difficult="-"/>
    </el:info>
    <el:luamain><![CDATA[
create_world( 20, 13)
oxyd_default_flavor = "d"

draw_border("st-brownie")
fill_floor("fl-metal")

oxyd( 6,11)
oxyd( 7,11)
oxyd( 8,11)
oxyd( 9,11)
oxyd(10,11)
oxyd(11,11)
oxyd(12,11)
oxyd(13,11)

oxyd_shuffle()

document( 18, 11, "text1")

set_actor("ac-blackball", 10, 1.5)
    ]]></el:luamain>
    <el:i18n>
      <el:string el:key="title">
        <el:english el:translate="false"/>
      </el:string>
      <el:string el:key="text1">
        <el:english el:translate="true">Easy?</el:english>
      </el:string> 
    </el:i18n>
  </el:protected>
</el:level>
