<?xml version="1.0" encoding="UTF-8" standalone="no" ?>
<el:level xmlns:xsi="http://www.w3.org/2001/XMLSchema-instance" xsi:schemaLocation="http://enigma-game.org/schema/level/1 level.xsd" xmlns:el="http://enigma-game.org/schema/level/1">
  <el:protected>
    <el:info el:type="level">
      <el:identity el:title="esprit 74" el:subtitle="esprit 74" el:id="ss_esp74"/>
      <el:version el:score="1" el:release="1" el:revision="0" el:status="released"/>
      <el:author  el:name="Sven Siggelkow" el:email="" el:homepage=""/>
      <el:copyright>Copyright © 2003 Sven Siggelkow</el:copyright>
      <el:license el:type="GPL v2.0 or above" el:open="true"/>
      <el:compatibility el:enigma="0.92">
      </el:compatibility>
      <el:modes el:easy="false" el:single="true" el:network="false"/>
      <el:comments>
        <el:code>Lua 5.1 and XML converted by Leveladministrators</el:code>
      </el:comments>
      <el:score el:easy="-" el:difficult="-"/>
    </el:info>
    <el:luamain><![CDATA[
levelw = 20
levelh = 13
create_world(levelw, levelh)
oxyd_default_flavor = "b"
set_actor("ac-blackball", 10,4.5)
set_actor("ac-killerball", 3.5,8.5, {player=0, mouseforce=1, controllers=1})
set_actor("ac-killerball", 16.5,8.5, {player=0, mouseforce=1, controllers=1})
fill_floor("fl-space",0,0,levelw,levelh)

function renderLine( line, pattern)
    for i=1, strlen(pattern) do
      local c = strsub( pattern, i, i)
      if c ==   "I" then
         set_stone("st-invisible", i-1,line)
      elseif c=="#" then
         set_floor("fl-metal",  i-1,  line) 
      elseif c=="O" then
     oxyd(i-1,line)         
        end
    end  
end
--               01234567890123456789
renderLine(00 , "IIIIIIIIIIIIIIIIIIII")
renderLine(01 , "I                  I")
renderLine(02 , "I                  I")
renderLine(03 , "I                  I")
renderLine(04 , "I  #  O  ##  O  #  I")  
renderLine(05 , "I                  I")
renderLine(06 , "IO       OO       OI")
renderLine(07 , "I                  I")
renderLine(08 , "I  #  O  ##  O  #  I")
renderLine(09 , "I                  I")
renderLine(10 , "I                  I")
renderLine(11 , "I                  I")
renderLine(12 , "IIIIIIIIIIIIIIIIIIII") 
--               01234567890123456789

oxyd_shuffle()
    ]]></el:luamain>
    <el:i18n>
      <el:string el:key="title">
        <el:english el:translate="false"/>
      </el:string>
    </el:i18n>
  </el:protected>
</el:level>
