<?xml version="1.0" encoding="UTF-8" standalone="no" ?>
<el:level xmlns:xsi="http://www.w3.org/2001/XMLSchema-instance" xsi:schemaLocation="http://enigma-game.org/schema/level/1 level.xsd" xmlns:el="http://enigma-game.org/schema/level/1">
  <el:protected>
    <el:info el:type="level">
      <el:identity el:title="esprit 77" el:subtitle="esprit 77" el:id="ss_esp77"/>
      <el:version el:score="1" el:release="1" el:revision="0" el:status="released"/>
      <el:author  el:name="Sven Siggelkow" el:email="" el:homepage=""/>
      <el:copyright>Copyright © 2003 Sven Siggelkow</el:copyright>
      <el:license el:type="GPL v2.0 or above" el:open="true"/>
      <el:compatibility el:enigma="0.92">
      </el:compatibility>
      <el:modes el:easy="false" el:single="true" el:network="false"/>
      <el:comments>
        <el:code>Lua 5.1 and XML converted by Leveladministrators</el:code>
      </el:comments>
      <el:score el:easy="-" el:difficult="-"/>
    </el:info>
    <el:luamain><![CDATA[
levelw = 20
levelh = 13
create_world(levelw, levelh)
oxyd_default_flavor = "a"
set_actor("ac-blackball", 9.5, 2.5)
fill_floor("fl-abyss")

draw_floor("fl-samba",{1,1},{0,1},11)
draw_floor("fl-samba",{5,1},{0,1},11)
draw_floor("fl-samba",{9,1},{0,1},3)
draw_floor("fl-samba",{13,1},{0,1},11)
draw_floor("fl-samba",{17,1},{0,1},11)

function renderLine( line, pattern)
    for i=1, strlen(pattern) do
      local c = strsub( pattern, i, i)
      if c ==   "#" then
         set_stone("st-rock6",i-1,line)
      elseif c =="1" then                                                               
         set_item("it-wormhole",i-1,line, {targetx="5.5",targety="8.5",strength=0})
      elseif c =="2" then 
         set_item("it-wormhole",i-1,line, {targetx="9.5",targety="2.5",strength=0})
      elseif c =="3" then                                                               
         set_item("it-wormhole",i-1,line, {targetx="13.5",targety="8.5",strength=0})
      elseif c =="4" then                                                               
         set_item("it-wormhole",i-1,line, {targetx="17.5",targety="8.5",strength=0})
      elseif c =="5" then                                                               
         set_item("it-wormhole",i-1,line, {targetx="1.5",targety="8.5",strength=0})
      elseif c=="k" then
     --set_actor("ac-rotor", i-1+0.5,line+0.5, {mouseforce=1, range=6, force=20}) 
         set_actor("ac-rotor", i-1+0.5,line+0.5, {range=8, force=20}) 
      elseif c=="O" then
     oxyd(i-1,line) 
        end
    end
end
--              01234567890123456789
renderLine(00, "### ### ### ### ### ")
renderLine(01, "# # # # # # # # # # ")
renderLine(02, "# # #k# # # #k# # # ")
renderLine(03, "# # # # #3# # # # # ")
renderLine(04, "# # # # ### # # # # ")  
renderLine(05, "# # # #     # # # # ")
renderLine(06, "# # # #     # # # # ")
renderLine(07, "# # # #     # # # # ")
renderLine(08, "# # # #     # # # # ")
renderLine(09, "# # # #     # # # # ")
renderLine(10, "# # # #     # # # # ")
renderLine(11, "#1# #2#     #4# #5# ")
renderLine(12, "#O# #O#     #O# #O# ")
--              01234567890123456789
                              
oxyd_shuffle()
    ]]></el:luamain>
    <el:i18n>
      <el:string el:key="title">
        <el:english el:translate="false"/>
      </el:string>
    </el:i18n>
  </el:protected>
</el:level>
