<?xml version="1.0" encoding="UTF-8" standalone="no" ?>
<el:level xmlns:xsi="http://www.w3.org/2001/XMLSchema-instance" xsi:schemaLocation="http://enigma-game.org/schema/level/1 level.xsd" xmlns:el="http://enigma-game.org/schema/level/1">
  <el:protected>
    <el:info el:type="level">
      <el:identity el:title="esprit 42" el:subtitle="esprit 42" el:id="ss_esp42"/>
      <el:version el:score="1" el:release="1" el:revision="0" el:status="released"/>
      <el:author  el:name="Sven Siggelkow" el:email="" el:homepage=""/>
      <el:copyright>Copyright © 2003 Sven Siggelkow</el:copyright>
      <el:license el:type="GPL v2.0 or above" el:open="true"/>
      <el:compatibility el:enigma="0.92">
      </el:compatibility>
      <el:modes el:easy="false" el:single="true" el:network="false"/>
      <el:comments>
        <el:code>Lua 5.1 and XML converted by Leveladministrators</el:code>
      </el:comments>
      <el:score el:easy="-" el:difficult="-"/>
    </el:info>
    <el:luamain><![CDATA[
-- change rotors with spermbirds if implemented!

levelw = 20
levelh = 13
create_world(levelw, levelh)
oxyd_default_flavor = "a"
set_actor("ac-blackball", 10,11.5)
set_actor("ac-rotor", 10,6.5, {mouseforce=0, range=40, force=30})

function renderLine( line, pattern)
    for i=1, strlen(pattern) do
      local c = strsub( pattern, i, i)
      if c ==   "#" then
         set_stone("st-stone1", i-1,line)
      elseif c=="a" then
         set_floor("fl-abyss", i-1,line)
      elseif c=="1" then
     set_floor("fl-gradient",  i-1,  line, {type=3})         
      elseif c=="2" then
     set_floor("fl-gradient",  i-1,  line, {type=4})   
      elseif c=="3" then
     set_floor("fl-gradient",  i-1,  line, {type=1})   
      elseif c=="4" then
     set_floor("fl-gradient",  i-1,  line, {type=2})         
      elseif c=="5" then
         set_floor("fl-gradient",  i-1,  line, {type=5})   
      elseif c=="6" then
         set_floor("fl-gradient",  i-1,  line, {type=6})       
      elseif c=="7" then
         set_floor("fl-gradient",  i-1,  line, {type=7})         
      elseif c=="8" then
         set_floor("fl-gradient",  i-1,  line, {type=8})
      elseif c=="O" then
     oxyd(i-1,line)         
        end
    end  
end
--               01234567890123456789
renderLine(00 , "#####O########O#####")
renderLine(01 , "#533333333333333336#")
renderLine(02 , "#153333333333333362#")
renderLine(03 , "#115333333333333622#")
renderLine(04 , "O111533333333336222O")  
renderLine(05 , "#1111aaaaaaaaaa2222#")
renderLine(06 , "#1111aaaaaaaaaa2222#")
renderLine(07 , "#1111aaaaaaaaaa2222#")
renderLine(08 , "O111744444444448222O")
renderLine(09 , "#117444444444444822#")
renderLine(10 , "#174444444444444482#")
renderLine(11 , "#744444444444444448#")
renderLine(12 , "#####O########O#####") 
--               01234567890123456789

oxyd_shuffle()
    ]]></el:luamain>
    <el:i18n>
      <el:string el:key="title">
        <el:english el:translate="false"/>
      </el:string>
    </el:i18n>
  </el:protected>
</el:level>
