<?xml version="1.0" encoding="UTF-8" standalone="no" ?>
<el:level xmlns:xsi="http://www.w3.org/2001/XMLSchema-instance" xsi:schemaLocation="http://enigma-game.org/schema/level/1 level.xsd" xmlns:el="http://enigma-game.org/schema/level/1">
  <el:protected>
    <el:info el:type="level">
      <el:identity el:title="Worse Nightmare" el:subtitle="" el:id="duffy124"/>
      <el:version el:score="2" el:release="2" el:revision="2" el:status="released"/>
      <el:author  el:name="Jacob Scott" el:email="" el:homepage=""/>
      <el:copyright>Copyright © 2004 Jacob Scott</el:copyright>
      <el:license el:type="GPL v2.0 or above" el:open="true"/>
      <el:compatibility el:enigma="0.92">
      </el:compatibility>
      <el:modes el:easy="true" el:single="true" el:network="false"/>
      <el:comments>
        <el:code>Lua 5.1 and XML converted by Leveladministrators</el:code>
      </el:comments>
      <el:score el:easy="-" el:difficult="-"/>
    </el:info>
    <el:luamain><![CDATA[
-- Jan 06: Added easy-mode;   Andreas

rooms_wide=1
rooms_high=1

levelw=1+(19*rooms_wide)
levelh=1+(12*rooms_high)

create_world( levelw, levelh)

if difficult then
  enigma.FrictionFactor=-0.5
else
  enigma.FrictionFactor=-0.3
end

fill_floor("fl-rough-blue", 0,0,levelw,levelh)

function renderLine( line, pattern)
    for i=1, strlen(pattern) do
        local c = strsub( pattern, i, i)
        if c =="#" then
            set_stone( "st-stone1", i-1, line)
        elseif c == "o" then
            oxyd( i-1, line)
        elseif c == "*" then
            set_stone( "st-brownie", i-1, line)
        elseif c == "!" then
            abyss(i-1,line)
        elseif c == "~" then
            set_floor("fl-water",i-1,line)
        elseif c == "L" then
            set_item("it-landmine",i-1,line)
        elseif c=="z" then
            set_actor("ac-blackball", i-1,line+.5, {player=0})
        elseif c=="y" then
            set_actor("ac-whiteball", i-1,line+.5, {player=1})
        elseif c == "g" then
            draw_stones("st-grate1",{i-1,line}, {1,1}, 1)
        elseif c=="+" then
            set_stone( "st-wood", i-1, line)
        elseif c=="=" then
            set_floor("fl-space",i-1,line)
        end
    end    
end

renderLine(00,"####################")
renderLine(01,"#oL    L oo   L L o#")
renderLine(02,"#  L L   L LL L    #")
renderLine(03,"#L L    L      L L #")
renderLine(04,"#     L  L  L L   L#")
renderLine(05,"#      L   L   L L #")
renderLine(06,"#o  z    L   LL L o#")
renderLine(07,"#     L  L LL     L#")
renderLine(08,"#         L  L LL  #")
renderLine(09,"# L  LL  L    L  L #")
renderLine(10,"# L    L  L L   L  #")
renderLine(11,"#o   L   oo   L  Lo#")
renderLine(12,"####################")

oxyd_shuffle()
    ]]></el:luamain>
    <el:i18n>
      <el:string el:key="title">
        <el:english el:translate="false"/>
      </el:string>
    </el:i18n>
  </el:protected>
</el:level>
