<?xml version="1.0" encoding="UTF-8" standalone="no" ?>
<el:level xmlns:xsi="http://www.w3.org/2001/XMLSchema-instance" xsi:schemaLocation="http://enigma-game.org/schema/level/1 level.xsd" xmlns:el="http://enigma-game.org/schema/level/1">
  <el:protected>
    <el:info el:type="level">
      <el:identity el:title="Too Hot" el:subtitle="" el:id="martin94"/>
      <el:version el:score="1" el:release="1" el:revision="0" el:status="released"/>
      <el:author  el:name="Martin Hawlisch" el:email="" el:homepage=""/>
      <el:copyright>Copyright © 2003 Martin Hawlisch</el:copyright>
      <el:license el:type="GPL version 2" el:open="true"/>
      <el:compatibility el:enigma="0.92">
      </el:compatibility>
      <el:modes el:easy="false" el:single="true" el:network="false"/>
      <el:comments>
        <el:code>Lua 5.1 and XML converted by Leveladministrators</el:code>
      </el:comments>
      <el:score el:easy="-" el:difficult="-"/>
    </el:info>
    <el:luamain><![CDATA[
levelw = 20
levelh = 25

create_world(levelw, levelh)

fill_floor("fl-tigris")
draw_border("st-marble", 0,0, levelw, levelh)

fill_items( "it-burnable", 1, 1, levelw-2, levelh-2)
set_item("it-burnable_ignited", 10,3)

draw_items("it-extinguisher", {7,12}, {1,0},6)

draw_stones("st-wood", {1,12}, {1,0},levelw-2)

set_item("it-blackbomb", 1, 6)
set_item("it-blackbomb", 1,18)
set_item("it-blackbomb",18, 6)
set_item("it-blackbomb",18,18)

oxyd( 0, 6)
oxyd( 0,18)
oxyd(19, 6)
oxyd(19,18)
oxyd( 6, 0)
oxyd( 6,12)
oxyd( 6,24)
oxyd(13, 0)
oxyd(13,12)
oxyd(13,24)

oxyd_shuffle()

set_actor("ac-blackball", 7.5,6.5)
    ]]></el:luamain>
    <el:i18n>
      <el:string el:key="title">
        <el:english el:translate="false"/>
      </el:string>
    </el:i18n>
  </el:protected>
</el:level>
